{
    "preconfigured_containers":[
        {
            "version":"GlassFish 4.1 Java 8 (Preconfigured - Docker)",
            "runtime_image":"amazon/aws-eb-glassfish:4.1-jdk8-onbuild-3.5.1",
            "runtime_dockerfile":"glassfish-runtime-4.1-jdk8",
            "runtime_default_log":"/usr/local/glassfish4/glassfish/domains/domain1/logs"
        },
        {
            "version":"GlassFish 4.0 Java 7 (Preconfigured - Docker)",
            "runtime_image":"amazon/aws-eb-glassfish:4.0-jdk7-onbuild-3.5.1",
            "runtime_dockerfile":"glassfish-runtime-4.0-jdk7",
            "runtime_default_log":"/usr/local/glassfish4/glassfish/domains/domain1/logs"
        },
        {
            "version":"Python 3.4 (Preconfigured - Docker)",
            "runtime_image":"amazon/aws-eb-python:3.4.2-onbuild-3.5.1",
            "runtime_dockerfile":"python3-runtime",
            "runtime_default_log":"/var/log/uwsgi"
        },
        {
            "version":"Go 1.4 (Preconfigured - Docker)",
            "runtime_image":"golang:1.4.2-onbuild",
            "runtime_dockerfile":"golang-runtime-1.4",
            "runtime_default_log":"/var/log"
        },
        {
            "version":"Go 1.3 (Preconfigured - Docker)",
            "runtime_image":"golang:1.3.3-onbuild",
            "runtime_dockerfile":"golang-runtime-1.3",
            "runtime_default_log":"/var/log"
        }
    ],
    "generic_containers":{
        "platform":"Docker"
    },
    "multi_containers":{
        "platform":"Multi-container Docker"
    }
}
